text,label,notes
haha which one is wrong?,reaction,"heuristic_fallback:Error code: 401 - {'error': {'message': 'Invalid API Key', 'type': 'invalid_request_error', 'code': 'invalid_api_key'}}"
"Nikola Jokic in the game 7 loss to the Thunder: 20 points (5-9 FG, 9-11 FT), 9 REG, 7 AST, 5 Turnovers",analysis,"heuristic_fallback:Error code: 401 - {'error': {'message': 'Invalid API Key', 'type': 'invalid_request_error', 'code': 'invalid_api_key'}}"
Lol one ranking difference,reaction,"heuristic_fallback:Error code: 401 - {'error': {'message': 'Invalid API Key', 'type': 'invalid_request_error', 'code': 'invalid_api_key'}}"
The math checks out.,reaction,"heuristic_fallback:Error code: 401 - {'error': {'message': 'Invalid API Key', 'type': 'invalid_request_error', 'code': 'invalid_api_key'}}"
Is it even that weird?,reaction,"heuristic_fallback:Error code: 401 - {'error': {'message': 'Invalid API Key', 'type': 'invalid_request_error', 'code': 'invalid_api_key'}}"
Playoff history: Thunder - Timberwolves,reaction,"heuristic_fallback:Error code: 401 - {'error': {'message': 'Invalid API Key', 'type': 'invalid_request_error', 'code': 'invalid_api_key'}}"
"Who is the better passer, MJ or Harden?",reaction,"heuristic_fallback:Error code: 401 - {'error': {'message': 'Invalid API Key', 'type': 'invalid_request_error', 'code': 'invalid_api_key'}}"
Nuggets should think outside the box and go hire Micheal Malone. He was getting to big for his britches and you humbled him. Have him bow down and kiss the ring( his own ring btw) It would be hilarious and very Trumpy,hot_take,"heuristic_fallback:Error code: 401 - {'error': {'message': 'Invalid API Key', 'type': 'invalid_request_error', 'code': 'invalid_api_key'}}"
"Hello everyone, my name is Thomas and I'm from France. As many have already said, it's hard to get attached to an NBA team especially because of the lack of local connection. I've been following the NBA vaguely since 2014/2015 and enormously since 2018. I've enjoyed a lot of players (Westbrook, Trae Young, Dwayne Wade, Jimmy Butler...). Unfortunately I can't get attached to a franchise, what advice can you give me to get this feeling of attachment and always be behind this franchise, and which franchise to choose, what questions should I ask myself? Of course I'm aware of the alien Wemby, but I'd prefer to follow a team from the East, because it's easier to follow the game schedule.",analysis,"heuristic_fallback:Error code: 401 - {'error': {'message': 'Invalid API Key', 'type': 'invalid_request_error', 'code': 'invalid_api_key'}}"
"Where do you think he'll play next year? I know he is a divisive figure but, in my opinion, he does deserve a ring.",hot_take,"heuristic_fallback:Error code: 401 - {'error': {'message': 'Invalid API Key', 'type': 'invalid_request_error', 'code': 'invalid_api_key'}}"
The man likes his horses more than people.,reaction,"heuristic_fallback:Error code: 401 - {'error': {'message': 'Invalid API Key', 'type': 'invalid_request_error', 'code': 'invalid_api_key'}}"
Drift bottle from Chinese internet,reaction,"heuristic_fallback:Error code: 401 - {'error': {'message': 'Invalid API Key', 'type': 'invalid_request_error', 'code': 'invalid_api_key'}}"
"Is Shai a Playoff riser? Like basing off his regular season stats, is a riser or a dropper? His averages on points are down so idk what to consider?",hot_take,"heuristic_fallback:Error code: 401 - {'error': {'message': 'Invalid API Key', 'type': 'invalid_request_error', 'code': 'invalid_api_key'}}"
When is NBA MVP gonna be announced?,reaction,"heuristic_fallback:Error code: 401 - {'error': {'message': 'Invalid API Key', 'type': 'invalid_request_error', 'code': 'invalid_api_key'}}"
"For most ""stars"" in the NBA it's perfectly fine to give them a pass on stinkers and to go ""but his teammates..."" But once you start getting the generational tag, the best in the world tag, the ""should have 5 straight MVPs"" tag. Once you enter the ALL TIME conversations, the criticism changes. You're required so much more, if that's who you really are. Not just the best player on the floor, but in the league and the best guy anyone on that floor may ever see. From that standpoint, what Jokic did last night is unacceptable. From that standpoint what Jokic has failed to achieve to this point is unacceptable. So either 1) He is an All Time great and has failed at that level or 2) He's not really and All Time great, just a Big Man that plays PG and racks up stats, but shouldn't hold the responsibility of an all time great. We're at the point with Jokic that it has to be one or the other but many in media and Jokic fans are trying to have all the credit and none of the blame, and that's just not how it works",analysis,"heuristic_fallback:Error code: 401 - {'error': {'message': 'Invalid API Key', 'type': 'invalid_request_error', 'code': 'invalid_api_key'}}"
Bill Simmons and Ryen Russilo discuss a Giannis for Evan Mobley straight up trade and agree it's fair and both teams would agree,hot_take,"heuristic_fallback:Error code: 401 - {'error': {'message': 'Invalid API Key', 'type': 'invalid_request_error', 'code': 'invalid_api_key'}}"
"Net Rating: +11 (2nd best lineup min 150min) ORTG: 119 DRTG: 108 282 minutes (most out of any playoff lineup out of necessity) So if they were so elite why did they end up in two 7 game series and ultimately losing? Well its because they basically got destroyed anytime that any healthy starter was out. Jokic off -24 Braun off -25 Gordon off -26 Murray off -54 (big reason why he led the league in playoff minutes per game and in total minutes they were getting obliterated when he was off) Every game it was the same script the starters start off well, the first subs come in and they start losing, the starters try to close the game while not gassing out. Today was a great example of this once again happening when the Nuggets were up 11 until Russell Westbrook checked in following Peyton Watson shortly after and the Thunder immediately cut it to 5. Hopefully this kills the Jokic superman +/- narrative since Jokic had a -24 net rating when he played without Jamal Murray. This is going to be the 2nd out of the last 3 playoff runs that Jokic is a negative when he plays without Murray.(-11 in 22/23) This doesn’t mean that Jokic is dependent on Jamal but basketball is a team game and every player plays a part. The whole 1 player carrying concept has always been asinine. Jokic and Murray together without Gordon were a -19 so 2 players carrying isn’t possible either. Depth matters and like we just saw for the Nuggets 5 players isn’t enough to win a championship.",analysis,"heuristic_fallback:Error code: 401 - {'error': {'message': 'Invalid API Key', 'type': 'invalid_request_error', 'code': 'invalid_api_key'}}"
"Most sources are saying that the most likely timeline for expansion franchises in Seattle and Vegas to begin play would be 2027-28. Given that this current era of the NBA has been defined by parity and the lack of super teams, how would expansion franchises do in this era? The majority of NBA expansion franchises have started off horrifically, is there any reason to believe hypothetical Vegas/Seattle franchises would be different in this era? Bonus question: what roster building strategy could an expansion franchise take to ensure that they would be competitive immediately?",analysis,"heuristic_fallback:Error code: 401 - {'error': {'message': 'Invalid API Key', 'type': 'invalid_request_error', 'code': 'invalid_api_key'}}"
"Gilgeous-Alexander finished the regular season as the first Canadian to lead the NBA in scoring and the third international player to achieve the feat. He finished the season with the most 20-point games (75), 30-point games (49), 40-point games (13) and 50-point games (4). His streak of 72 consecutive games scoring at least 20 points became the longest such streak in NBA history, eclipsing Michael Jordan’s previous record. It was also Gilgeous-Alexander’s third consecutive season averaging at least 30 points, joining a list occupied by Michael Jordan, Wilt Chamberlain, Oscar Robertson, Kareem Abdul-Jabbar, James Harden and Bob McAdoo. He has now made a conference finals and probably has won MVP",analysis,"heuristic_fallback:Error code: 401 - {'error': {'message': 'Invalid API Key', 'type': 'invalid_request_error', 'code': 'invalid_api_key'}}"
"Coach Mark Daigneault gives respect to the entire Denver org after a hard-fought series: ""They pushed us to the limit, and we just have such respect for all the guys in that locker room.""",hot_take,"heuristic_fallback:Error code: 401 - {'error': {'message': 'Invalid API Key', 'type': 'invalid_request_error', 'code': 'invalid_api_key'}}"
Who already has a ring from remaining teams?,reaction,"heuristic_fallback:Error code: 401 - {'error': {'message': 'Invalid API Key', 'type': 'invalid_request_error', 'code': 'invalid_api_key'}}"
The NBA should be thankful OKC won this series,reaction,"heuristic_fallback:Error code: 401 - {'error': {'message': 'Invalid API Key', 'type': 'invalid_request_error', 'code': 'invalid_api_key'}}"
"Source: [https://www.basketball-reference.com/players/j/jokicni01/gamelog/2025](https://www.basketball-reference.com/players/j/jokicni01/gamelog/2025) (Sort by gamescore) The two teams above .500: A loss against the Timberwolves (the 2OT game where he had the best game of the season with 60/10/10 and a loss against the pacers The other four teams above .500: Win against OKC, Win Against Warriors, Loss against Cleveland, Win Against Milwaukee",analysis,"heuristic_fallback:Error code: 401 - {'error': {'message': 'Invalid API Key', 'type': 'invalid_request_error', 'code': 'invalid_api_key'}}"
If OKC loses today would this be the first time that the top 2 seeds from both conferences didn’t make the conference finals?,hot_take,"heuristic_fallback:Error code: 401 - {'error': {'message': 'Invalid API Key', 'type': 'invalid_request_error', 'code': 'invalid_api_key'}}"
The play in gave them extra rest,reaction,"heuristic_fallback:Error code: 401 - {'error': {'message': 'Invalid API Key', 'type': 'invalid_request_error', 'code': 'invalid_api_key'}}"
This kid changed history,reaction,"heuristic_fallback:Error code: 401 - {'error': {'message': 'Invalid API Key', 'type': 'invalid_request_error', 'code': 'invalid_api_key'}}"
"Insane times have changed Source: Videos **How the Thunder failed to win a title after drafting three MVPs in a row** [https://www.youtube.com/watch?v=jvRY730Xmb0&t=599s&ab\_channel=SecretBase](https://www.youtube.com/watch?v=jvRY730Xmb0&t=599s&ab_channel=SecretBase) **How the Minnesota Timberwolves squandered Kevin Garnett's prime, then lost him** [https://www.youtube.com/watch?v=B3WHIJqza5I&ab\_channel=SecretBase](https://www.youtube.com/watch?v=B3WHIJqza5I&ab_channel=SecretBase) **How the Knicks' terrible leadership turned a contender into 20 years of misery** [https://www.youtube.com/watch?v=TjmtQ-oee9E&t=493s&ab\_channel=SecretBase](https://www.youtube.com/watch?v=TjmtQ-oee9E&t=493s&ab_channel=SecretBase) **How the Pacers ruined a championship contender with tiny moves and one big injury** [https://www.youtube.com/watch?v=hyRpIXKbfC0&ab\_channel=SecretBase](https://www.youtube.com/watch?v=hyRpIXKbfC0&ab_channel=SecretBase)",analysis,"heuristic_fallback:Error code: 401 - {'error': {'message': 'Invalid API Key', 'type': 'invalid_request_error', 'code': 'invalid_api_key'}}"
Which star/team are you rooting for to get their first championship if you aren’t a fan of any of these franchises? Indiana-Tyrese Haliburton Minnesota-Anthony Edwards New York-Jalen Brunson Oklahoma City-Shai Gilgeous-Alexander,hot_take,"heuristic_fallback:Error code: 401 - {'error': {'message': 'Invalid API Key', 'type': 'invalid_request_error', 'code': 'invalid_api_key'}}"
Jokic just beat a 50-win team for the first time in his career this year. And it took him 7 games vs the old Clippers. The competition he's beaten in the Playoffs is pretty weak compared to previous great centers. And Jokic's recent track record in Game 7 isn't very good.,analysis,"heuristic_fallback:Error code: 401 - {'error': {'message': 'Invalid API Key', 'type': 'invalid_request_error', 'code': 'invalid_api_key'}}"
"[Highlights] All the possessions in the 2nd quarter of game 7 - Oklahoma City Thunder vs. Denver Nuggets, Western Semifinals, 2025 NBA Playoffs.",analysis,"heuristic_fallback:Error code: 401 - {'error': {'message': 'Invalid API Key', 'type': 'invalid_request_error', 'code': 'invalid_api_key'}}"
Commercials (and using replay challenges and fouls/timeouts to slam more of them into the broadcast) have gone too far.,hot_take,"heuristic_fallback:Error code: 401 - {'error': {'message': 'Invalid API Key', 'type': 'invalid_request_error', 'code': 'invalid_api_key'}}"
He’ll still be a corny MFer,reaction,"heuristic_fallback:Error code: 401 - {'error': {'message': 'Invalid API Key', 'type': 'invalid_request_error', 'code': 'invalid_api_key'}}"
"Of these, only Siakam, Caruso and Divincenzo were in the rotation for both that championship team and their current team. Divincenzo did not play in the finals for the Bucks due to injury. Thomas Bryant played 1 game and recorded 0 stats in the Nuggets' finals run. P.J. Tucker has only logged 4 minutes this postseason. OG Anunoby did not play in the finals for the Raptors. It's not just new teams - it's new blood all around.",analysis,"heuristic_fallback:Error code: 401 - {'error': {'message': 'Invalid API Key', 'type': 'invalid_request_error', 'code': 'invalid_api_key'}}"
"Like or not, rings is a very big part for the legacies of all-timers. Sadly, a lot of players never experienced it despite the player himself is extraordinary. As the title says: Who do you think is the best player of 21st Century with 0 rings?",analysis,"heuristic_fallback:Error code: 401 - {'error': {'message': 'Invalid API Key', 'type': 'invalid_request_error', 'code': 'invalid_api_key'}}"
"Joker has a title, has a known personality, and is a bigger figure than SGA. SGA is on a real team, a man IN a band while Joker is seen more like Lebron, a man WITH a band. And look at the Celtics, Except for Bostonians already no one cares. Like a ChatGPT champion that was hallucinated, had a great season and then was fact checked. OKC will get the same treatment two weeks from now, win or lose AGAIN. ANT will be talked about either way and SGA and his merry band will disappear. Until they win the title, they're not a big story. If they lose, more stories will be written about their GM and their assets and potential trades than how great SGA is. Like the Rams team that won with someone else's players. It isnt' fair to OKC, but flying under the radar was part of their success. ANT, Hali and Brunson are all bigger stars. It happens. Didn't stop Tatum and Brown from winning last year.",hot_take,"heuristic_fallback:Error code: 401 - {'error': {'message': 'Invalid API Key', 'type': 'invalid_request_error', 'code': 'invalid_api_key'}}"
"Why is Doris Burke on today's game ? I am so sick and tired of hearing her blather on and on about everything but the game. And for those who might think I'm sexist, NBC sports Philly (Sixers) has a female announcer who is friggin fantastic",hot_take,"heuristic_fallback:Error code: 401 - {'error': {'message': 'Invalid API Key', 'type': 'invalid_request_error', 'code': 'invalid_api_key'}}"
What are the single-game minimum and maximum team distances traveled in an NBA game (since 2013-14)?,hot_take,"heuristic_fallback:Error code: 401 - {'error': {'message': 'Invalid API Key', 'type': 'invalid_request_error', 'code': 'invalid_api_key'}}"
"Shai ""Fraud MVP"" Gilgeous-Alexander exits a Game 7 blowout with: 35 PTS | 3 REB | 6 AST | 0 TO on 12/19 FG | 3/4 3PT | 8/9 FT",analysis,"heuristic_fallback:Error code: 401 - {'error': {'message': 'Invalid API Key', 'type': 'invalid_request_error', 'code': 'invalid_api_key'}}"
Should the Nuggets trade Murray for Giannis ?,reaction,"heuristic_fallback:Error code: 401 - {'error': {'message': 'Invalid API Key', 'type': 'invalid_request_error', 'code': 'invalid_api_key'}}"
Random fun fact regarding teams that remain,reaction,"heuristic_fallback:Error code: 401 - {'error': {'message': 'Invalid API Key', 'type': 'invalid_request_error', 'code': 'invalid_api_key'}}"
"|Rank|Team|Lineup|Net rating|Minutes/game together|PIE| |:-|:-|:-|:-|:-|:-| |1 |Indiana|Turner-Siakam-Nembhard-Haliburton-Nesmith|\+22.1|16.4|62.2| |2 |Minnesota|Conley-Gobert-Randle-Edwards-McDaniels|\+19.1|13.0|60.3| |3 |Thunder|iHart-SGA-Dort-Chet-JDub|\+3.9|12.18|52.9| |4 |NYK|Towns-Anunoby-Hart-Bridges-Brunson|\-4.7|22.2|48.6| **Supplemental facts &amp; opinions:** * Indiana and OKC had the two most efficient starting lineups during the regular season. OKC's starting lineup has fallen off a bit, while Indiana's has risen. * The Nuggets' hobbled starting 5 was much more efficient than that of OKC at +11.3, but they just got fucked by their lack of depth. * Knicks' starting lineup negative net rating passes the eye test for me. Lots of obvious rotations that Thibs doesn't go to enough. Knicks could be very dangerous if they ever figure out how to get their rotations straight. Brunson is great but he's so ball dominant that other guys in the starting lineup aren't fully maximized, all while Brunson gets exhausted.",analysis,"heuristic_fallback:Error code: 401 - {'error': {'message': 'Invalid API Key', 'type': 'invalid_request_error', 'code': 'invalid_api_key'}}"
Meatless Shai. FTA. Flops all day. Wolves in 5.,hot_take,"heuristic_fallback:Error code: 401 - {'error': {'message': 'Invalid API Key', 'type': 'invalid_request_error', 'code': 'invalid_api_key'}}"
"I’ve been using different IPTV services over the past year, trying to find one that’s both stable and has good coverage for UK/US/EU channels. I recently tried a provider that offers 17K+ live channels + VOD and it's been solid so far — no buffering issues, decent EPG, works well on Firestick and S",analysis,"heuristic_fallback:Error code: 401 - {'error': {'message': 'Invalid API Key', 'type': 'invalid_request_error', 'code': 'invalid_api_key'}}"
I am only asking this question because the debate at the barbershop got really out of hand and I thought to myself: ‘What would the experts over at Reddit think? So… let me know. What feels better as a ball player; posterizing somebody or drilling a game winning buzzer beater three(or two) point shot?,hot_take,"heuristic_fallback:Error code: 401 - {'error': {'message': 'Invalid API Key', 'type': 'invalid_request_error', 'code': 'invalid_api_key'}}"
"Jokic, you are now a Laker",reaction,"heuristic_fallback:Error code: 401 - {'error': {'message': 'Invalid API Key', 'type': 'invalid_request_error', 'code': 'invalid_api_key'}}"
Tim Connelly built the championship roster. Calvin Booth systematically dismembered it and replaced it with a roster that looks like a rebuilding team outside of the starting 5,hot_take,"heuristic_fallback:Error code: 401 - {'error': {'message': 'Invalid API Key', 'type': 'invalid_request_error', 'code': 'invalid_api_key'}}"
The only way Jokic wins another ring,reaction,"heuristic_fallback:Error code: 401 - {'error': {'message': 'Invalid API Key', 'type': 'invalid_request_error', 'code': 'invalid_api_key'}}"
Was this Westbrook's last chance for glory?,reaction,"heuristic_fallback:Error code: 401 - {'error': {'message': 'Invalid API Key', 'type': 'invalid_request_error', 'code': 'invalid_api_key'}}"
Bench difference at halftime.,reaction,"heuristic_fallback:Error code: 401 - {'error': {'message': 'Invalid API Key', 'type': 'invalid_request_error', 'code': 'invalid_api_key'}}"
I legit thought we were gonna lose this series on the backs of 3-4 magic moments like games 1 and 3 from Gordon. I wasn’t even convinced that he was a flesh-and-blood man. I really started to think he was the manifestation of the spirit and will of all the people I’ve known since college that have moved to Denver/CO the past 20 years or so. Like V from *V for Vendetta* if he had strong opinions on the indica vs. sativa debate.,analysis,"heuristic_fallback:Error code: 401 - {'error': {'message': 'Invalid API Key', 'type': 'invalid_request_error', 'code': 'invalid_api_key'}}"
OKC crowd looks like People of Walmart,reaction,"heuristic_fallback:Error code: 401 - {'error': {'message': 'Invalid API Key', 'type': 'invalid_request_error', 'code': 'invalid_api_key'}}"
"For each of the 2019-2024 champs, not one of them has made it back to the conference finals after winning their ring, except for the lakers (2023)",analysis,"heuristic_fallback:Error code: 401 - {'error': {'message': 'Invalid API Key', 'type': 'invalid_request_error', 'code': 'invalid_api_key'}}"
"Aaron Gordon on the playoff scheduling: ""I would really, really appreciate it if there were a couple of days in between games in the playoffs instead of every other day. The product of the game would be a lot better. You'll see a higher level of basketball. Probably less blowouts.""",hot_take,"heuristic_fallback:Error code: 401 - {'error': {'message': 'Invalid API Key', 'type': 'invalid_request_error', 'code': 'invalid_api_key'}}"
"That was smooth, not gonna lie.",reaction,"heuristic_fallback:Error code: 401 - {'error': {'message': 'Invalid API Key', 'type': 'invalid_request_error', 'code': 'invalid_api_key'}}"
[Highlight] Cason Wallace banks in the corner 3,hot_take,"heuristic_fallback:Error code: 401 - {'error': {'message': 'Invalid API Key', 'type': 'invalid_request_error', 'code': 'invalid_api_key'}}"
Vince Carter dunk with key Glock music 🔥🔥🔥🔥,reaction,"heuristic_fallback:Error code: 401 - {'error': {'message': 'Invalid API Key', 'type': 'invalid_request_error', 'code': 'invalid_api_key'}}"
"David Adelman gives Aaron Gordon his flowers after willing himself to play Game 7 through injury: ""That was one of the most incredible things I've ever seen.""",hot_take,"heuristic_fallback:Error code: 401 - {'error': {'message': 'Invalid API Key', 'type': 'invalid_request_error', 'code': 'invalid_api_key'}}"
"Oh yeah i forgot about rings. Russell's 13 clearly cements him as the goat. Me personally I think Kareem is the most dominant C of all time but that's cuz I give a little weight to his 6 MVPs (probably silly). I would also take Robert Horry, Satch Sanders, and Tom Heinsohn as the best power forwards ever.",analysis,"heuristic_fallback:Error code: 401 - {'error': {'message': 'Invalid API Key', 'type': 'invalid_request_error', 'code': 'invalid_api_key'}}"
"Playoff series, preview, thunder versus wolves",reaction,"heuristic_fallback:Error code: 401 - {'error': {'message': 'Invalid API Key', 'type': 'invalid_request_error', 'code': 'invalid_api_key'}}"
[Highlight] Alex Caruso fouls Nikola Jokic and sends him to the floor. With replays of the physicality between the two from the previous possession,hot_take,"heuristic_fallback:Error code: 401 - {'error': {'message': 'Invalid API Key', 'type': 'invalid_request_error', 'code': 'invalid_api_key'}}"
"**2022** Celtics defeat Bucks 109-81 Mavs defeat Suns 123-90 Celtics defeat Heat 100-96 **2023** Warriors defeat Kings 120 - 100 Celtics defeat Sixers 112-88 Heat defeat Celtics 102-84 **2024** Cavs defeat Magic 106-94 Pacers defeat Knicks 130-109 Wolves defeat Nuggets 98-90 **2025** Nuggets defeat Clippers 120-101 Warriors defeat Rockets 103-89 Thunder defeat Nuggets 125 - 93 Are the 2 best words in sports really ""Game 7""?",analysis,"heuristic_fallback:Error code: 401 - {'error': {'message': 'Invalid API Key', 'type': 'invalid_request_error', 'code': 'invalid_api_key'}}"
"The point he's making is that hypotheticals are stupid. He's saying the real question shouldn't be 'could you win"" but rather 'did you win."" 'Could' doesn't matter.",hot_take,"heuristic_fallback:Error code: 401 - {'error': {'message': 'Invalid API Key', 'type': 'invalid_request_error', 'code': 'invalid_api_key'}}"
Yeah it’s insane . Jokic uses his forearm as a battering ram to post guys up . It goes both ways physicality on the post is part of ball . But now a guy half his size gives some back they all crying . When he was fouling AD and Lebron on every fucking play cos he can’t guard shit or jump for a rebound they weee all silent . Bunch of meat riders,hot_take,"heuristic_fallback:Error code: 401 - {'error': {'message': 'Invalid API Key', 'type': 'invalid_request_error', 'code': 'invalid_api_key'}}"
Daily Discussion Thread + Game Thread Index,reaction,"heuristic_fallback:Error code: 401 - {'error': {'message': 'Invalid API Key', 'type': 'invalid_request_error', 'code': 'invalid_api_key'}}"
"For the most part, we can only speculate. Some teams are closer than others—Minnesota and Indiana, for example—given their chances this year and likely in the seasons to come. But looking beyond the next six years? That’s anyone’s guess. Ignoring specific players and teams, the odds of being the last championship-less franchise will only get tougher. Right now, it’s a 1-in-3 situation, but as the list narrows, the final team will face a daunting 1-in-30 scenario. If the league maintains its current format for the next century, there’s no guarantee every team will win a title. Expansion could shake things up—maybe two new franchises join the mix—but in our lifetimes, it’s unlikely we’ll see every team crowned. So the real question is… **who will be the last team standing?**",analysis,"heuristic_fallback:Error code: 401 - {'error': {'message': 'Invalid API Key', 'type': 'invalid_request_error', 'code': 'invalid_api_key'}}"
"These three teams have never won a championship. If one of them does... Does SGA surpass KD and Russ? Does Hali surpass Reggie Miller? Does Ant surpass KG? If the Knicks win a championship, I'm not so sure if Jalen Brunson surpasses guys like Clyde Frazier, Willis Reed, Melo, or Patrick Ewing as the franchise GOAT since the Knicks have already won a title anyway.",hot_take,"heuristic_fallback:Error code: 401 - {'error': {'message': 'Invalid API Key', 'type': 'invalid_request_error', 'code': 'invalid_api_key'}}"
Will Joker Be Asking Out?,reaction,"heuristic_fallback:Error code: 401 - {'error': {'message': 'Invalid API Key', 'type': 'invalid_request_error', 'code': 'invalid_api_key'}}"
Who’s better all time Duncan or Jokic?,reaction,"heuristic_fallback:Error code: 401 - {'error': {'message': 'Invalid API Key', 'type': 'invalid_request_error', 'code': 'invalid_api_key'}}"
"Nikola Jokic full postgame conference, after the Nuggets were defeated in game 7 by the OKC, losing 3-4 in the series. 2025 NBA Playoffs.",analysis,"heuristic_fallback:Error code: 401 - {'error': {'message': 'Invalid API Key', 'type': 'invalid_request_error', 'code': 'invalid_api_key'}}"
Post the clips now fellas??,reaction,"heuristic_fallback:Error code: 401 - {'error': {'message': 'Invalid API Key', 'type': 'invalid_request_error', 'code': 'invalid_api_key'}}"
Have you seen my new video??,reaction,"heuristic_fallback:Error code: 401 - {'error': {'message': 'Invalid API Key', 'type': 'invalid_request_error', 'code': 'invalid_api_key'}}"
Great battle by the top 2 mvp candidates. Proving why they are the best two players in the world SGA 30/6/6 63% ts Jokic 28/14/6 58% TS,analysis,"heuristic_fallback:Error code: 401 - {'error': {'message': 'Invalid API Key', 'type': 'invalid_request_error', 'code': 'invalid_api_key'}}"
OKCs 32pt win over the Nuggets in game 7 is the 7th 10 largest margin of victory in a game 7 in the history of the NBA playoffs.,analysis,"heuristic_fallback:Error code: 401 - {'error': {'message': 'Invalid API Key', 'type': 'invalid_request_error', 'code': 'invalid_api_key'}}"
Basically the better team just locks in lol,reaction,"heuristic_fallback:Error code: 401 - {'error': {'message': 'Invalid API Key', 'type': 'invalid_request_error', 'code': 'invalid_api_key'}}"
"Since 1980, there have been only five West finals where neither team was neither a California team or a Texas team. 1990: Portland Trailblazers defeat Phoenix Suns in 6 to earn their first Finals appearance since 1977. 1992: Portland Trailblazers defeat Utah Jazz in 6. 1993: Phoenix Suns defeat Seattle Supersonics in 6 to earn their first Finals appearance since 1976. 1996: Seattle Supersonics defeat Utah Jazz in 7 to earn their first Finals appearance since 1979. 2025: Oklahoma City vs. Minnesota Timberwolves From 1980-2024, there have been only 9 West champions that were not a California team or a Texas team. 1990, 1992: Portland Trailblazers 1993, 2021: Phoenix Suns 1996: Seattle Supersonics 1997, 1998: Utah Jazz 2012: Oklahoma City Thunder 2023: Denver Nuggets Of these 9 West champions, 2023 Denver Nuggets were the only one to win the NBA Championship.",analysis,"heuristic_fallback:Error code: 401 - {'error': {'message': 'Invalid API Key', 'type': 'invalid_request_error', 'code': 'invalid_api_key'}}"
"[Stein]The Bucks, league sources say, remain hopeful Giannis Antetokounmpo will decide against asking to be dealt after a third successive first-round playoff exit and choose instead to extend a career that has spanned 12 seasons as a Buck to date.",hot_take,"heuristic_fallback:Error code: 401 - {'error': {'message': 'Invalid API Key', 'type': 'invalid_request_error', 'code': 'invalid_api_key'}}"
"Source: [https://www.basketball-reference.com/players/j/jokicni01.html](https://www.basketball-reference.com/players/j/jokicni01.html) You know who has also gone past 2nd round exactly twice in the same time period? Giannis Antetokounmpo, Luka Doncic, Anthony Edwards, Tyrese Haliburton. And if you want to claim weak east etc, Luka and Ant is in the west. Usually this isn't an issue, but none of these players were claimed the best player in the world.",analysis,"heuristic_fallback:Error code: 401 - {'error': {'message': 'Invalid API Key', 'type': 'invalid_request_error', 'code': 'invalid_api_key'}}"
Tbf.. he recruited Westbrook didn’t he?,reaction,"heuristic_fallback:Error code: 401 - {'error': {'message': 'Invalid API Key', 'type': 'invalid_request_error', 'code': 'invalid_api_key'}}"
"With 3 of the 4 teams in the conference finals having yet to win it all, I was curious how long it’s been since we’ve had a matchup of ringless franchises. Surprised to find out it’s been almost **50 years.** This as we all remember was the 7-game clash between the Seattle SuperSonics and the Washington Bullets, with Washington claiming the victory. Interesting note about the Bullets: they remain the team with the fewest wins to win the Finals with a record of 44-38. [Source](https://en.m.wikipedia.org/wiki/List_of_NBA_champions)",analysis,"heuristic_fallback:Error code: 401 - {'error': {'message': 'Invalid API Key', 'type': 'invalid_request_error', 'code': 'invalid_api_key'}}"
"With the Nuggets eliminated, only 6 remaining players have won a title: Anunoby, P.J. Tucker (NYK), Siakam, Thomas Bryant (IND), Caruso (OKC), Divincenzo (MIN)",hot_take,"heuristic_fallback:Error code: 401 - {'error': {'message': 'Invalid API Key', 'type': 'invalid_request_error', 'code': 'invalid_api_key'}}"
"Shai Gilgeous-Alexander on playing his cousin, Nickeil Alexander-Walker, in the Western Conference Finals: ""I am trying to take his head off for sure. Completely.""",hot_take,"heuristic_fallback:Error code: 401 - {'error': {'message': 'Invalid API Key', 'type': 'invalid_request_error', 'code': 'invalid_api_key'}}"
"i think this stat is only counting players that make the team in the same season that they play with jokic. still dumb because murray has played to an all-star level throughout his playoff career, even if he isn't officially an all-star.",hot_take,"heuristic_fallback:Error code: 401 - {'error': {'message': 'Invalid API Key', 'type': 'invalid_request_error', 'code': 'invalid_api_key'}}"
It's the F* boston guy,reaction,"heuristic_fallback:Error code: 401 - {'error': {'message': 'Invalid API Key', 'type': 'invalid_request_error', 'code': 'invalid_api_key'}}"
Jokic is still the best player in the world,hot_take,"heuristic_fallback:Error code: 401 - {'error': {'message': 'Invalid API Key', 'type': 'invalid_request_error', 'code': 'invalid_api_key'}}"
You can pry this flair from my cold dead hands,reaction,"heuristic_fallback:Error code: 401 - {'error': {'message': 'Invalid API Key', 'type': 'invalid_request_error', 'code': 'invalid_api_key'}}"
Shai Gilgeous-Alexander in the Game 7 win: 35 PTS | 3 REB | 4 AST | 3 STL | 1 BLK on 12/19 FG (63%) | 3/4 3FG | 7/8 FT | 0 TO and a plus-minus of +32,analysis,"heuristic_fallback:Error code: 401 - {'error': {'message': 'Invalid API Key', 'type': 'invalid_request_error', 'code': 'invalid_api_key'}}"
Down to the Final four. Who’s your pick?,reaction,"heuristic_fallback:Error code: 401 - {'error': {'message': 'Invalid API Key', 'type': 'invalid_request_error', 'code': 'invalid_api_key'}}"
N word with a hard R,reaction,"heuristic_fallback:Error code: 401 - {'error': {'message': 'Invalid API Key', 'type': 'invalid_request_error', 'code': 'invalid_api_key'}}"
He's dragging this team to seven. Looked absolutely bagged. He needs shooters. MPJ used to be one...,hot_take,"heuristic_fallback:Error code: 401 - {'error': {'message': 'Invalid API Key', 'type': 'invalid_request_error', 'code': 'invalid_api_key'}}"
It's well known that the Nuggets have played in many game 7s. Jokic I'm pretty sure has played in more game 7s than any other player in the same amount of time of his career. Is this just luck? Or is there a particular reason for this?,analysis,"heuristic_fallback:Error code: 401 - {'error': {'message': 'Invalid API Key', 'type': 'invalid_request_error', 'code': 'invalid_api_key'}}"
I never knew this until now,reaction,"heuristic_fallback:Error code: 401 - {'error': {'message': 'Invalid API Key', 'type': 'invalid_request_error', 'code': 'invalid_api_key'}}"
"[Highlight] Shai Gilgeous-Alexander with the beautiful drive and finish on Nikola Jokic, Aaron Gordon with the And-1 at the other end, off an assist by Nikola Jokic (with a replay)",hot_take,"heuristic_fallback:Error code: 401 - {'error': {'message': 'Invalid API Key', 'type': 'invalid_request_error', 'code': 'invalid_api_key'}}"
"[Highlight] The Oklahoma City Thunder advance to their first Western Conference Finals since 2015-16, beating the Nuggets 125-93 in Game 7",analysis,"heuristic_fallback:Error code: 401 - {'error': {'message': 'Invalid API Key', 'type': 'invalid_request_error', 'code': 'invalid_api_key'}}"
Only a handful of rings should count...,reaction,"heuristic_fallback:Error code: 401 - {'error': {'message': 'Invalid API Key', 'type': 'invalid_request_error', 'code': 'invalid_api_key'}}"
Who’s next? Conference finals bound,reaction,"heuristic_fallback:Error code: 401 - {'error': {'message': 'Invalid API Key', 'type': 'invalid_request_error', 'code': 'invalid_api_key'}}"
"As a player yes, as a fan I hate waiting.",reaction,"heuristic_fallback:Error code: 401 - {'error': {'message': 'Invalid API Key', 'type': 'invalid_request_error', 'code': 'invalid_api_key'}}"
Is this a real take? Jokic uses his forearm as a battering ram to post guys up . It goes both ways physicality on the post is part of ball,hot_take,"heuristic_fallback:Error code: 401 - {'error': {'message': 'Invalid API Key', 'type': 'invalid_request_error', 'code': 'invalid_api_key'}}"
"Interesting observation since the current era of NBA stars has been dominated by European stars like Luka, Jokic and Giannis 2025 - Brunson (Knicks), Haliburton (Pacers) | Ant (Timberwolves), SGA (Thunder) 2015 - Milsap/Teague/Horford (Hawks), Lebron (Cavaliers) | Harden (Rockets), Curry (Warriors)",analysis,"heuristic_fallback:Error code: 401 - {'error': {'message': 'Invalid API Key', 'type': 'invalid_request_error', 'code': 'invalid_api_key'}}"
Call for the Guards!!!,reaction,"heuristic_fallback:Error code: 401 - {'error': {'message': 'Invalid API Key', 'type': 'invalid_request_error', 'code': 'invalid_api_key'}}"
Is it SGA with his smooth moves and guaranteed midrange buckets? Maybe Anthony Edwards with his high flying rim finishes? Or Tyrese Haliburton with clutch swish after clutch swish to bring his team back from a deficit? Could it be Jalen Brunson and his bag of tricks to get past or shoot over defenders? Which individual player are you most excited to watch come through for his team and bring them to the finals?,hot_take,"heuristic_fallback:Error code: 401 - {'error': {'message': 'Invalid API Key', 'type': 'invalid_request_error', 'code': 'invalid_api_key'}}"
"Sad ending for what many have said was the greatest offensive season ever. Jamal Murray's max also kicks in over the summer in addition to David Adelman taking over so it should make for an interesting summer and season for the Nuggets next year. Box score: [https://www.nba.com/game/den-vs-okc-0042400227/box-score](https://www.nba.com/game/den-vs-okc-0042400227/box-score) Jokic season stats: 29.7 PTS, 12.7 Rebounds, 10.2 Assists. 57.6% from the field",analysis,"heuristic_fallback:Error code: 401 - {'error': {'message': 'Invalid API Key', 'type': 'invalid_request_error', 'code': 'invalid_api_key'}}"
Nuggets Starters Dominant Playoff Run,reaction,"heuristic_fallback:Error code: 401 - {'error': {'message': 'Invalid API Key', 'type': 'invalid_request_error', 'code': 'invalid_api_key'}}"
"Like... How can you simultaneously have HIPPA and force people to share medical information? And are NBA teams not beholden to HIPPA and the contracts players sign mean they have no rights to privacy about their injuries? Like... Tatum, for example. He goes down. For whatever reason he doesn't want to share what's wrong with him to the public. Is he contractually obligated to? Are the Celtics? If he says I want to keep it all private, who has the most legal standing?",hot_take,"heuristic_fallback:Error code: 401 - {'error': {'message': 'Invalid API Key', 'type': 'invalid_request_error', 'code': 'invalid_api_key'}}"
"## Series Breakdown: OKC vs. MIN — My Take **Boys**, I wanna hear some analysis on this series, here’s my take: --- ### My Prediction **OKC defeats MIN in 6 games.** I personally think Denver was a tougher matchup for OKC. Simply put: Jokic can stretch the defense and dominate the paint against almost anyone (except maybe Hartenstein). Aaron Gordon also presents matchup problems with his interior presence and physicality. That said, I think the length, depth, and athleticism of the Timberwolves could pose a different kind of challenge. I'm genuinely curious to hear other people's takeaways from watching their previous matchups — what stood out to you? Both OKC and MIN showed similar styles in their respective Game 7 wins over Denver. They applied constant pressure on defense, forced turnovers, got out in transition, and wore the Nuggets down with intensity and tempo. Honestly, I think the NBA is starting to feel more like the NHL — younger teams are peaking sooner, and the pace and space era makes it tougher for older, more methodical teams to keep up. Let me know if that sounds crazy to you, but that’s just how I see it. --- ### Regular Season Matchups Here’s what I found from the 2025 head-to-heads: - **Feb 13** – OKC @ MIN: OKC lost 101–116 - **Feb 23** – OKC @ MIN: OKC won 130–123 - **Feb 24** – MIN @ OKC: MIN won 131–128 - **Dec 31** – MIN @ OKC: OKC won 113–105 Series tied 2–2 in the regular season. ### Inactive Players by Game #### **24-Feb** > *No Gobert, no Randle, n",analysis,"heuristic_fallback:Error code: 401 - {'error': {'message': 'Invalid API Key', 'type': 'invalid_request_error', 'code': 'invalid_api_key'}}"
Alex Caruso highlights from game 7,hot_take,"heuristic_fallback:Error code: 401 - {'error': {'message': 'Invalid API Key', 'type': 'invalid_request_error', 'code': 'invalid_api_key'}}"
"Aaron Gordon (hamstring) is expected to warm up an hour before tip-off of Game 7 between the Nuggets and Thunder in an attempt to play, sources tell Sam Amick. A hobbled Gordon has been saying since yesterday that he plans on giving it a go. Playing a game 7 on a grade 2 hamstring strain is next level. [Source](https://bsky.app/profile/theathletic.bsky.social/post/3lphmusbkjs2o)",analysis,"heuristic_fallback:Error code: 401 - {'error': {'message': 'Invalid API Key', 'type': 'invalid_request_error', 'code': 'invalid_api_key'}}"
"David Stern told Shaq games would last 4 hours if they called every foul that happened against him. How about teaching players how to play defense? Or call fouls, and if a whole team fouls out before halftime tough shit.",hot_take,"heuristic_fallback:Error code: 401 - {'error': {'message': 'Invalid API Key', 'type': 'invalid_request_error', 'code': 'invalid_api_key'}}"
Might be the craziest take i’ve ever seen..,reaction,"heuristic_fallback:Error code: 401 - {'error': {'message': 'Invalid API Key', 'type': 'invalid_request_error', 'code': 'invalid_api_key'}}"
Is Shai a Playoff riser?,reaction,"heuristic_fallback:Error code: 401 - {'error': {'message': 'Invalid API Key', 'type': 'invalid_request_error', 'code': 'invalid_api_key'}}"
[DISCUSSION] Not enough is made of the FACT that this would be the first time in 12 years (since 2013) when the regular season MVP also wins finals MVP,analysis,"heuristic_fallback:Error code: 401 - {'error': {'message': 'Invalid API Key', 'type': 'invalid_request_error', 'code': 'invalid_api_key'}}"
"[Highlight] Aaron Gordon with an elbow to Shai Gilgeous-Alexander face (with replays). Upon review, it was upgraded to a flagrant penalty-1",hot_take,"heuristic_fallback:Error code: 401 - {'error': {'message': 'Invalid API Key', 'type': 'invalid_request_error', 'code': 'invalid_api_key'}}"
Choose an NBA TEAM while being from Europe,reaction,"heuristic_fallback:Error code: 401 - {'error': {'message': 'Invalid API Key', 'type': 'invalid_request_error', 'code': 'invalid_api_key'}}"
"During the 2010s, OKC used to be Championship contender in the West for years when KD was their franchise player. After KD left, OKC underachieved in the playoffs with Russ/PG and never won 50+ regular season games before Russ got traded away SGA brought back the relevancy for OKC and has now taken them past the 1st round twice. As the title says: Is SGA already the 2nd greatest player ever for OKC behind Kevin Durant?",analysis,"heuristic_fallback:Error code: 401 - {'error': {'message': 'Invalid API Key', 'type': 'invalid_request_error', 'code': 'invalid_api_key'}}"
I'll go Wolves for KG,reaction,"heuristic_fallback:Error code: 401 - {'error': {'message': 'Invalid API Key', 'type': 'invalid_request_error', 'code': 'invalid_api_key'}}"
"If Shai Gilgeous Alexander wins the MVP this season, which he is generally favoured to do so, Joel Embiid will remain as the only MVP to never make the Conference Finals",hot_take,"heuristic_fallback:Error code: 401 - {'error': {'message': 'Invalid API Key', 'type': 'invalid_request_error', 'code': 'invalid_api_key'}}"
SGA was better than Jokic this series,reaction,"heuristic_fallback:Error code: 401 - {'error': {'message': 'Invalid API Key', 'type': 'invalid_request_error', 'code': 'invalid_api_key'}}"
"Thunder just eliminated Nuggets after leading as much as 40 pts. Now, they reach WCF against Wolves. This will mean that we will have WCF: Thunder VS Wolves ECF: Knicks VS Pacers This officially means that we will have another unique/new champion this decade 2020 - Lakers 2021 - Bucks 2022 - Warriors 2023 - Nuggets 2024 - Celtics 2025 - (Thunder/Wolves/Knicks/Pacers) Thunder last won an nba championship in 1979 (they were still Supersonics by then) Knicks last won an nba championship in 1970. Wolves never won an Nba Championship yet. Pacers never won an Nba Championship too. (Though they won 3 ABA Championships in 1970, 1972, and 1973) This shows the insane parity in nba this decade.",analysis,"heuristic_fallback:Error code: 401 - {'error': {'message': 'Invalid API Key', 'type': 'invalid_request_error', 'code': 'invalid_api_key'}}"
You’ll take franz wagner and like it my boy,reaction,"heuristic_fallback:Error code: 401 - {'error': {'message': 'Invalid API Key', 'type': 'invalid_request_error', 'code': 'invalid_api_key'}}"
The Knicks are the only team of the final 4 conference finals team that has not won a series in 5 or less games.,hot_take,"heuristic_fallback:Error code: 401 - {'error': {'message': 'Invalid API Key', 'type': 'invalid_request_error', 'code': 'invalid_api_key'}}"
"dude I am a certified fucking idiot but I swear to God I could come up with better rotations than Thibs. maybe that's just because I'm an idiot, but... man...",hot_take,"heuristic_fallback:Error code: 401 - {'error': {'message': 'Invalid API Key', 'type': 'invalid_request_error', 'code': 'invalid_api_key'}}"
is luke docick overrated,hot_take,"heuristic_fallback:Error code: 401 - {'error': {'message': 'Invalid API Key', 'type': 'invalid_request_error', 'code': 'invalid_api_key'}}"
"WOULD YOU RATHER: You’re the GM of a franchise and you can choose a rookie Tim Duncan or Nikola Jokic, who are you taking??",hot_take,"heuristic_fallback:Error code: 401 - {'error': {'message': 'Invalid API Key', 'type': 'invalid_request_error', 'code': 'invalid_api_key'}}"
"[The Athletic] Aaron Gordon (hamstring) is expected to warm up an hour before tip-off of Game 7 between the Nuggets and Thunder in an attempt to play, sources tell Sam Amick",hot_take,"heuristic_fallback:Error code: 401 - {'error': {'message': 'Invalid API Key', 'type': 'invalid_request_error', 'code': 'invalid_api_key'}}"
"That was intentional. The Thunder were $30M under the cap, spent it all on Hartenstein, then used Bird Rights to go over the cap re-signing Joe/Wiggins.",hot_take,"heuristic_fallback:Error code: 401 - {'error': {'message': 'Invalid API Key', 'type': 'invalid_request_error', 'code': 'invalid_api_key'}}"
there’s probably a balance between minimizing back to backs and having a long enough offseason to recover. the actual answer should be fewer games but it’s fairly obvious that isn’t happening,hot_take,"heuristic_fallback:Error code: 401 - {'error': {'message': 'Invalid API Key', 'type': 'invalid_request_error', 'code': 'invalid_api_key'}}"
"This is a major phenomenon in modern sports, as soon as a team dominates another, it's purely the fault of the refs/league/government/illuminati and can never ever be the fault of the dominated team. Getting refball hatred online is basically the public awarding you a crown. It means you've made it.",hot_take,"heuristic_fallback:Error code: 401 - {'error': {'message': 'Invalid API Key', 'type': 'invalid_request_error', 'code': 'invalid_api_key'}}"
I’ve been running down options for teams this upcoming season and just curious how sign and trades work. For example: Could GS sign and trade kuminga for someone currently on a contract like Vucevic?,hot_take,"heuristic_fallback:Error code: 401 - {'error': {'message': 'Invalid API Key', 'type': 'invalid_request_error', 'code': 'invalid_api_key'}}"
"I am following this NBA playoff and I have the feeling that defense is not clean often. What I don't like about It Is the feeling of a lack of consistency moreover I do belive that this discretionality Is a perfect space to influence games outcome in a way that makes me appreciate less the games. Ambiguity should be reduce as possible as much as possible but I have the feeling that this Is not what the league wants that or Is taking enough effort to do It. NBA officiating is crucial to have a good product, they should be a focus for the league to improve the execution. Is anybody sharing the same feeling?",hot_take,"heuristic_fallback:Error code: 401 - {'error': {'message': 'Invalid API Key', 'type': 'invalid_request_error', 'code': 'invalid_api_key'}}"
NBA betting fixed. SGA LEFT IN GAME UP 30,hot_take,"heuristic_fallback:Error code: 401 - {'error': {'message': 'Invalid API Key', 'type': 'invalid_request_error', 'code': 'invalid_api_key'}}"
"[Highlight] The Thunder fans start singing the chorus from the song ""Na Na Hey Hey Kiss Him Goodbye"", singing ""Na-na-na-na, hey, hey, hey, goodbye Na-na-na-na, na-na-na-na, hey, hey, hey, goodbye"", at the end of game 7.",hot_take,"heuristic_fallback:Error code: 401 - {'error': {'message': 'Invalid API Key', 'type': 'invalid_request_error', 'code': 'invalid_api_key'}}"
Jokic has 64 FTA this series. SGA has 63.,hot_take,"heuristic_fallback:Error code: 401 - {'error': {'message': 'Invalid API Key', 'type': 'invalid_request_error', 'code': 'invalid_api_key'}}"
"Shai also averaged 9 FTs, same as Jokic. [https://www.statmuse.com/nba/ask/sga-stats-vs-nuggets-in-playoffs](https://www.statmuse.com/nba/ask/sga-stats-vs-nuggets-in-playoffs) [https://www.statmuse.com/nba/ask/jokic-stats-vs-thunder-in-playoffs](https://www.statmuse.com/nba/ask/jokic-stats-vs-thunder-in-playoffs)",analysis,"heuristic_fallback:Error code: 401 - {'error': {'message': 'Invalid API Key', 'type': 'invalid_request_error', 'code': 'invalid_api_key'}}"
"Game 7 disappointments: Since 2022, there have been 12 game 7s. 10 of them have been decided by double digits. Half have been decided by 20+. The average margin of victory has been 19.5.",analysis,"heuristic_fallback:Error code: 401 - {'error': {'message': 'Invalid API Key', 'type': 'invalid_request_error', 'code': 'invalid_api_key'}}"
The method for creating more rest days in the playoffs would be to shorten the regular season. Not extend the overall calendar.,hot_take,"heuristic_fallback:Error code: 401 - {'error': {'message': 'Invalid API Key', 'type': 'invalid_request_error', 'code': 'invalid_api_key'}}"
"Jokic wasn't even hard doubled. The thunder were sending a guy to dig and recover on the catch, walling up under the basket, and only actually sending the second guy when Jokic went to make a scoring move under the basket. The strategy was to make him beat them scoring. I don't know where the narrative that he was being double and triple teamed comes from, Mark clearly didn't want to sell out and have him carve their defense up.",hot_take,"heuristic_fallback:Error code: 401 - {'error': {'message': 'Invalid API Key', 'type': 'invalid_request_error', 'code': 'invalid_api_key'}}"
Knicks vs Timberwolves - Finals Prediction,reaction,"heuristic_fallback:Error code: 401 - {'error': {'message': 'Invalid API Key', 'type': 'invalid_request_error', 'code': 'invalid_api_key'}}"
"If the goalpost keeps getting moved like it does currently. A ring is ""only one ring"" now. Outside of IDK, Hakeem rings, the pistons in 2004 and the Mavs in 2011 no other ring should count because every star player had either a stacked team or beat ""weak""/injured teams in the finals. Bird had McHale and Parish. Kareem and Magic had each other and a couple more hall of famers. MJ had Pippen, Rodman and a couple other hall of famers Duncan had Ginobili, Robinson, Parker and Kawhi. Shaq and Kobe had each other. Toronto beat the injured Warrios and so on. Every single title run can have an asterisk put onto them. Enjoy when your team wins and don't be petty when it loses. Also don't be petty when it wins, that's even worse.",analysis,"heuristic_fallback:Error code: 401 - {'error': {'message': 'Invalid API Key', 'type': 'invalid_request_error', 'code': 'invalid_api_key'}}"
No wonder viewership is down,reaction,"heuristic_fallback:Error code: 401 - {'error': {'message': 'Invalid API Key', 'type': 'invalid_request_error', 'code': 'invalid_api_key'}}"
"Here is a place to have in depth, x's and o's, discussions on yesterday's games. Post-game discussions are linked in the table, keep your memes and reactions there. Please keep your discussion of a particular game in the respective comment thread. **All direct replies to this post will be removed.** |Away|Home|Score|GT|PGT| |:--|:--|:-:|:-:|:-:| |[](/DEN) Denver Nuggets |[](/OKC) Oklahoma City Thunder | 93 - 125 | [Link](https://www.reddit.com/r/nba/comments/1kpquc5/game_thread_denver_nuggets_33_oklahoma_city/) | [Link](https://www.reddit.com/r/nba/comments/1kpvpwk/post_game_thread_the_oklahoma_city_thunder_roll/) |",analysis,"heuristic_fallback:Error code: 401 - {'error': {'message': 'Invalid API Key', 'type': 'invalid_request_error', 'code': 'invalid_api_key'}}"
"Dating back to 2019, the last 6 NBA championships have been won by 6 different team. With the Nuggets, Warriors, and Celtics losing in the second round, the 2025 championship will be won by a different team as well. For the first time in NBA history, there will be 7 different champions in a 7 year span: - 2019 Champion: Raptors - 2020 Champion: Lakers - 2021 Champion: Bucks - 2022 Champion: Warriors - 2023 Champion: Nuggets - 2024 Champion: Celtics - 2025 Champion: It will be the Pacers, Knicks, Timberwolves, or Thunder [Looking through all the other champions in NBA history](https://en.m.wikipedia.org/wiki/List_of_NBA_champions), there is only one instance that came close to this (6 different champions in 6 years): - 1975 Champion: Warriors - 1976 Champion: Celtics - 1977 Champion: Blazers - 1978 Champion: Bullets - 1979 Champion: Supersonics - 1980 Champion: Lakers It appears that the NBA has successfully achieved its goal of eliminating dynasties. By the metric of championships, this is the most parity that the league has had in its history.",analysis,"heuristic_fallback:Error code: 401 - {'error': {'message': 'Invalid API Key', 'type': 'invalid_request_error', 'code': 'invalid_api_key'}}"
Is Luka Doncic an underachiever while SGA (#11 overall) is a massive overachiever & maximizing his talent with work ethic?,hot_take,"heuristic_fallback:Error code: 401 - {'error': {'message': 'Invalid API Key', 'type': 'invalid_request_error', 'code': 'invalid_api_key'}}"
Alex Caruso highlights from game 7.,hot_take,"heuristic_fallback:Error code: 401 - {'error': {'message': 'Invalid API Key', 'type': 'invalid_request_error', 'code': 'invalid_api_key'}}"
Jokic attempted more FT this series than SGA,reaction,"heuristic_fallback:Error code: 401 - {'error': {'message': 'Invalid API Key', 'type': 'invalid_request_error', 'code': 'invalid_api_key'}}"
"AG out, will this man have a legacy game today?",reaction,"heuristic_fallback:Error code: 401 - {'error': {'message': 'Invalid API Key', 'type': 'invalid_request_error', 'code': 'invalid_api_key'}}"
Only 2 of Jokic's top 10 games by Gamescore came against teams that ended above .500 this regular season. Only 6 of his top 25 by GameScore were against .500 or above teams,analysis,"heuristic_fallback:Error code: 401 - {'error': {'message': 'Invalid API Key', 'type': 'invalid_request_error', 'code': 'invalid_api_key'}}"
why did the dallas cowboys trade luke doncick,reaction,"heuristic_fallback:Error code: 401 - {'error': {'message': 'Invalid API Key', 'type': 'invalid_request_error', 'code': 'invalid_api_key'}}"
"Potential Thunder vs Knicks Finals, Who Wins?",reaction,"heuristic_fallback:Error code: 401 - {'error': {'message': 'Invalid API Key', 'type': 'invalid_request_error', 'code': 'invalid_api_key'}}"
Adrian Peterson is an Oklahoma legend,reaction,"heuristic_fallback:Error code: 401 - {'error': {'message': 'Invalid API Key', 'type': 'invalid_request_error', 'code': 'invalid_api_key'}}"
Only if they sacrifice half their paycheck.,reaction,"heuristic_fallback:Error code: 401 - {'error': {'message': 'Invalid API Key', 'type': 'invalid_request_error', 'code': 'invalid_api_key'}}"
Dude was 6th on the Thunder in minutes and 11th in the whole series in minutes while being tied for 1st in 3 pointers made and tied for 3rd in steals for the whole series.,analysis,"heuristic_fallback:Error code: 401 - {'error': {'message': 'Invalid API Key', 'type': 'invalid_request_error', 'code': 'invalid_api_key'}}"
The largest margin of victory was the Mavs beating the Rockets by 40pts in the first round of the 2005 playoffs. Felt like the thunder were very close to having this record for themselves tbh Check it for yourself here: https://www.statmuse.com/nba/team/dallas-mavericks-46/schedule/2005,analysis,"heuristic_fallback:Error code: 401 - {'error': {'message': 'Invalid API Key', 'type': 'invalid_request_error', 'code': 'invalid_api_key'}}"
"well played sir, well played",reaction,"heuristic_fallback:Error code: 401 - {'error': {'message': 'Invalid API Key', 'type': 'invalid_request_error', 'code': 'invalid_api_key'}}"
"Jokic is one of the greatest offensive players of this era and maybe of all time. As a Center, he bends the offensive halfcourt with his incredible touch around the rim, his masterful passing and diverse post game. On defense, he is decent in space and but provides minimal rim protection as a Center. Having him on your team guarantees you a Top 10 offense, and limits your defensive ceiling. Rudy Gobert is one of the greatest defensive players of this era and maybe of all time. He is not great in space but provides all time great rim protection. On offense, he has some of the worst hands of any active player, constantly fumbling the ball. He has terrible touch at the rim and is on offense the worst 7 foot post players you will ever see in your life. Having him on your team guarantees you a Top 10 defense and limits your offensive ceiling. Jokic has 3 MVPs Rudy has 4 DPOY Obviously I’m not trying to say these players have similar value. Just an observation of their juxtaposition as elite one way players that have underperformed in the playoffs. With Rudy having his best chance at a Championship this year, it’s possible these two will have had comporable success in this era (strictly based on how their 1 way impact contributes to win %). Is it possible Jokic is overrated, Rudy is underrated or both?",analysis,"heuristic_fallback:Error code: 401 - {'error': {'message': 'Invalid API Key', 'type': 'invalid_request_error', 'code': 'invalid_api_key'}}"
SGA flops on the “elbow to the face”,reaction,"heuristic_fallback:Error code: 401 - {'error': {'message': 'Invalid API Key', 'type': 'invalid_request_error', 'code': 'invalid_api_key'}}"
Is it crazy to say Jokic is the worst player to have the “Best In the World” title in modern NBA history?,hot_take,"heuristic_fallback:Error code: 401 - {'error': {'message': 'Invalid API Key', 'type': 'invalid_request_error', 'code': 'invalid_api_key'}}"
"Last year Shai outplays Luka despite losing due to his supporting cast showing up. This year, although closer, I would say Shai's been more consistent and on the whole has outplayed Jokic in this match up. In both cases, both Luka and Jokic were widely considered better players heading into the series.",hot_take,"heuristic_fallback:Error code: 401 - {'error': {'message': 'Invalid API Key', 'type': 'invalid_request_error', 'code': 'invalid_api_key'}}"
"Nikola Jokic has gone the first 839 games of his career without having a teammate who was an All-Star, All-NBA or All-Defensive player that season. Of the ~5000 players in NBA history, he’s the only one to go his first 700+ career games without such a teammate. Insane",analysis,"heuristic_fallback:Error code: 401 - {'error': {'message': 'Invalid API Key', 'type': 'invalid_request_error', 'code': 'invalid_api_key'}}"
NBA Divisional rivalries,reaction,"heuristic_fallback:Error code: 401 - {'error': {'message': 'Invalid API Key', 'type': 'invalid_request_error', 'code': 'invalid_api_key'}}"
[All-Access] Shai Gilgeous-Alexander buries the 3-pointer over Christian Braun to extend the Thunder’s lead by 23 in Game 7,analysis,"heuristic_fallback:Error code: 401 - {'error': {'message': 'Invalid API Key', 'type': 'invalid_request_error', 'code': 'invalid_api_key'}}"
"With today's loss to the Thunder, Nikola Jokic is now 1-6 all time against 50-win teams in his playoff career",analysis,"heuristic_fallback:Error code: 401 - {'error': {'message': 'Invalid API Key', 'type': 'invalid_request_error', 'code': 'invalid_api_key'}}"
"Nikola ""has no help"" Jokic in a blowout Game 7 loss: 20 pts, 9 rebounds, 7 assists, 5 turnovers, 3 fouls. 5-9 FG, 1-2 3P, 9-11 FT. +/- -23",analysis,"heuristic_fallback:Error code: 401 - {'error': {'message': 'Invalid API Key', 'type': 'invalid_request_error', 'code': 'invalid_api_key'}}"
"[Highlights] Nikola Jokic scores, Shai Gilgeous-Alexander answers with a 3-pointer, Jokic turns the ball over, Jalen Williams with the fastbreak dunk, and Braun's bad pass leads to a fastbreak layup by Jalen Williams.",hot_take,"heuristic_fallback:Error code: 401 - {'error': {'message': 'Invalid API Key', 'type': 'invalid_request_error', 'code': 'invalid_api_key'}}"
"1. 70-Game Season Starting December 1 Start the season December 1. Make Christmas Day the official league launch. Cutting 12 games improves player health, game quality, and keeps stars on the floor. 2. Designated Viewing Nights, Like College Football Move away from daily games. Focus on high-impact nights: • Monday: Rivalry Night • Wednesday: National TV Matchups • Friday: West Coast After Dark • Saturday: All-Day Showcase • Sunday: Playoff Implications NBA should be able to flex for the week similar to the NFL for the Sunday night game. 3. MLK Day = Full-League Celebration All 30 teams play. All games during the day. Tie in civil rights tributes, historic uniforms, and local storytelling. 4. NBA Cup Week – Final Week of January Top 8 teams compete in a best-of-3 FIBA-style tournament overseas. New rules, global spotlight, full-week event. Owners benefit through international media rights, sponsors, and market exposure — replacing lost revenue from a shorter regular season. All other teams get a true bye week. 5. All-Star Weekend Before March Madness Hold it the weekend before the NCAA Tournament tips off. Then shut down until the Monday after March Madness’ opening weekend. Players rest, fans recharge, anticipation builds. 6. Playoffs Start Memorial Day Weekend Launch postseason on a national holiday. Big window. Big audience. 7. NBA Finals Wrap Late July No NFL. No college. Just NBA. Take over the summer.",analysis,"heuristic_fallback:Error code: 401 - {'error': {'message': 'Invalid API Key', 'type': 'invalid_request_error', 'code': 'invalid_api_key'}}"
Why the WCF starts before the ECF?,reaction,"heuristic_fallback:Error code: 401 - {'error': {'message': 'Invalid API Key', 'type': 'invalid_request_error', 'code': 'invalid_api_key'}}"
"If Shai Gilgeous-Alexander does receive the MVP, Joel Embiid will continue to be the only MVP to never make it to the Conference Finals, as the Thunder have made it out of the second round for the first time with their Shai/J-Dub/Chet core.",hot_take,"heuristic_fallback:Error code: 401 - {'error': {'message': 'Invalid API Key', 'type': 'invalid_request_error', 'code': 'invalid_api_key'}}"
"Nikola Jokic on how this offseason will be compared to last: ""The next couple of days is gonna be a lot of beer probably""",analysis,"heuristic_fallback:Error code: 401 - {'error': {'message': 'Invalid API Key', 'type': 'invalid_request_error', 'code': 'invalid_api_key'}}"
Is that crazy price for this card?,reaction,"heuristic_fallback:Error code: 401 - {'error': {'message': 'Invalid API Key', 'type': 'invalid_request_error', 'code': 'invalid_api_key'}}"
[Stein] Essentially official now: The NBA will have a seventh different champion in a span of seven seasons for the first time in league history.,hot_take,"heuristic_fallback:Error code: 401 - {'error': {'message': 'Invalid API Key', 'type': 'invalid_request_error', 'code': 'invalid_api_key'}}"
offseason wishlists?,reaction,"heuristic_fallback:Error code: 401 - {'error': {'message': 'Invalid API Key', 'type': 'invalid_request_error', 'code': 'invalid_api_key'}}"
"Do you think the NBA should shorten the season to potentially reduce injuries? I'm not saying they should, I'm asking do you think a shorter regular season could potentially reduce injuries? With the amount of injuries this postseason do you think less games for starter players could help? I know people criticize load-management but I think with guys who do deal with constant injuries or chronic problems it does help.",hot_take,"heuristic_fallback:Error code: 401 - {'error': {'message': 'Invalid API Key', 'type': 'invalid_request_error', 'code': 'invalid_api_key'}}"
"If either SGA, Tyrese Haliburton, or Ant wins a title this year, does that make them the GOAT of their respective franchises?",hot_take,"heuristic_fallback:Error code: 401 - {'error': {'message': 'Invalid API Key', 'type': 'invalid_request_error', 'code': 'invalid_api_key'}}"
Thibs sticks to what he knows (sometimes at the detriment of the team). To this point it has gotten us to the ECF but its clear we can tap into more rotation wise. Thibs loves Josh Hart and Hart is a great player but he kind of kills the half-court offense because teams put their Center on him and sag off. Against Boston he shot **42%** from 3 we are going to need him to keep that up if we are going to have a shot.,analysis,"heuristic_fallback:Error code: 401 - {'error': {'message': 'Invalid API Key', 'type': 'invalid_request_error', 'code': 'invalid_api_key'}}"
"I mean compared to what was last year’s playoffs, we will definitely have a banger this year. As NBA fans, we gotta agree the Knicks-Pacers series will be good. And the Thunder-Wolves series as well. Personally, I would love Knicks-Wolves, but its leaning towards Thunder-Knicks. So as NBA fans, lets just agree this year will be one of the best playoffs of the decade.",analysis,"heuristic_fallback:Error code: 401 - {'error': {'message': 'Invalid API Key', 'type': 'invalid_request_error', 'code': 'invalid_api_key'}}"
"People call SGA FTA yet Jokic shot more free throws. Before anyone complains, I watched all 7 games (I don't have a life) and I counted Jokic flopped 26x this series and SGA flopped 9x. Shai also heavily outplayed Jokic by beating him in every advanced metric this series.",analysis,"heuristic_fallback:Error code: 401 - {'error': {'message': 'Invalid API Key', 'type': 'invalid_request_error', 'code': 'invalid_api_key'}}"
This sub during playoffs is bunch of toxic posts for karma farming. Doesn't even bother to appreciate the game. Watching Nikola and this Denver team is peak fun for me. Who cares if they are not winning every year,hot_take,"heuristic_fallback:Error code: 401 - {'error': {'message': 'Invalid API Key', 'type': 'invalid_request_error', 'code': 'invalid_api_key'}}"
okc being young might also bite them if they don’t know how to pace themselves. it often takes a few deep playoff runs for a finals worthy team to actually win,hot_take,"heuristic_fallback:Error code: 401 - {'error': {'message': 'Invalid API Key', 'type': 'invalid_request_error', 'code': 'invalid_api_key'}}"
"Oh wow so youre a Jordan hater too lmao. You do realize that Jordan retired in 03 right? Majority of the ""plumbers"" from the 90s played well into the 2000s. Hell the guys who dominated the 2000s were all drafted and played in the 90s. Also Lebron scored 8 points in a must win game in the finals. And got spanked by Nowitzki and an old ass JKidd, you know, plumbers from the expansion era. So maybe Lebron is a plumber too.",analysis,"heuristic_fallback:Error code: 401 - {'error': {'message': 'Invalid API Key', 'type': 'invalid_request_error', 'code': 'invalid_api_key'}}"
"Alex Caruso on if he felt nervous before Game 7: ""If you don't feel anything leading up to it, you're probably like a serial killer. You need to be checked out.""",hot_take,"heuristic_fallback:Error code: 401 - {'error': {'message': 'Invalid API Key', 'type': 'invalid_request_error', 'code': 'invalid_api_key'}}"
The game is already scripted,reaction,"heuristic_fallback:Error code: 401 - {'error': {'message': 'Invalid API Key', 'type': 'invalid_request_error', 'code': 'invalid_api_key'}}"
"Since it had been much longer than the past few years I assumed they were waiting for game 7 between the Nuggets and Thunder, because the two leading candidates are playing each other in the playoffs, and announcing the MVP right before the game would be crazy for storylines and whatnot, but there has been no word of when it will be announced.",hot_take,"heuristic_fallback:Error code: 401 - {'error': {'message': 'Invalid API Key', 'type': 'invalid_request_error', 'code': 'invalid_api_key'}}"
"NYS public employeees dont have that right, but in contrast, their contracts never really expire. They can always just carry on with their old deal. So if the new contract offer isn't better they can say fuck it and wait it out.",hot_take,"heuristic_fallback:Error code: 401 - {'error': {'message': 'Invalid API Key', 'type': 'invalid_request_error', 'code': 'invalid_api_key'}}"
[All-Access] A view from Oklahoma City as Jalen Williams drives and hits the jumper. He has 19 points early in the 3rd quarter,analysis,"heuristic_fallback:Error code: 401 - {'error': {'message': 'Invalid API Key', 'type': 'invalid_request_error', 'code': 'invalid_api_key'}}"
We’ve officially started a new era,reaction,"heuristic_fallback:Error code: 401 - {'error': {'message': 'Invalid API Key', 'type': 'invalid_request_error', 'code': 'invalid_api_key'}}"
"On July 6, 2022, Gobert was traded to the Minnesota Timberwolves for Patrick Beverley, Malik Beasley, Jarred Vanderbilt, Leandro Bolmaro, and the draft rights to center Walker Kessler in addition to four first-round picks and a 2026 first-round pick swap in a highly criticized trade by the Wolves. Since, they've made two conference finals with Gobert anchoring the Timberwolves defense, before his fellow Jazz teammate Donovan Mitchell. Is it possible the Rudy hate is overblown and unwarranted?",analysis,"heuristic_fallback:Error code: 401 - {'error': {'message': 'Invalid API Key', 'type': 'invalid_request_error', 'code': 'invalid_api_key'}}"
Are The Knicks A Finger Roll?,reaction,"heuristic_fallback:Error code: 401 - {'error': {'message': 'Invalid API Key', 'type': 'invalid_request_error', 'code': 'invalid_api_key'}}"
"I know Kobe probably did this to a lesser extent but why don't NBA teams study referee behaviors to see how they call games, like a scouting report but for referees.",hot_take,"heuristic_fallback:Error code: 401 - {'error': {'message': 'Invalid API Key', 'type': 'invalid_request_error', 'code': 'invalid_api_key'}}"
Ant in NY will probably start families too,reaction,"heuristic_fallback:Error code: 401 - {'error': {'message': 'Invalid API Key', 'type': 'invalid_request_error', 'code': 'invalid_api_key'}}"
"They're inconsistent as hell because there is an art to being PG and getting your teammates involved and going. Jokic hasn't figured that part out at the level required Example: Game 5, 3rd Q, Jokic and Murray start running their 2 man game after the half. It's working, and they run it the entire 3rd Q. Nobody shoots but Murray and Jokic. Looks great because it's working. The truth is OKC was fine with them running it, and in the 4th they adjusted, And suddenly it's not there anymore, and now everyone else who hasn't touched the ball since the 2nd Q now has to start hitting shots cold. And the result is the result and a direct result on what happened in the 3rd Q. Jokic has the ball every possession and everyone else is designed to play off of that, and he makes the decision. He makes the decision to find the most open guy often, but that's not the actual key, the key is finding the right guys the right shots, not just any guy any shot. It's hard to play when you're Braun and are hot early and then don't see the ball for another quarter and a half. Or MPJ never gets a chance to get in a rhythm because he gets 4 shots spaced out over 2 quarters. You can't then expect shooters to go from 0 to 100 in crunch time when they've been bystanders up until that point. Good teams can manipulate it too. They know ""Jokic is going to find the most open man, so let's choose who that is"" and often it'd be someone like Westbrook, intentionally, and as a PG you have to realize that a wife open",analysis,"heuristic_fallback:Error code: 401 - {'error': {'message': 'Invalid API Key', 'type': 'invalid_request_error', 'code': 'invalid_api_key'}}"
"Tbh this could go either way, I think we are getting another 7 game series, right now it's tough to choose who will win, but I'm slightly leaning Wolves in 7, but I wouldn't be surprised if the Thunder won either, deciding factor for me is the Wolves are the slightly more rested team, but what are your predictions for this series, who do you have winning, and in how many games?",analysis,"heuristic_fallback:Error code: 401 - {'error': {'message': 'Invalid API Key', 'type': 'invalid_request_error', 'code': 'invalid_api_key'}}"
[Highlight] Aaron Gordon splashes the 3-pointer,hot_take,"heuristic_fallback:Error code: 401 - {'error': {'message': 'Invalid API Key', 'type': 'invalid_request_error', 'code': 'invalid_api_key'}}"
2019 - Trailblazers (L) 2020 - Lakers (L) 2021 - Suns (L) 2022 - Warriors (L) 2024 - Timberwolves (L) 2025 - Clippers (W) Thunder (L),analysis,"heuristic_fallback:Error code: 401 - {'error': {'message': 'Invalid API Key', 'type': 'invalid_request_error', 'code': 'invalid_api_key'}}"
OKCs 32pt win over the Nuggets in game 7 is the 7th largest margin of victory in a game 7 in the history of the NBA playoffs.,analysis,"heuristic_fallback:Error code: 401 - {'error': {'message': 'Invalid API Key', 'type': 'invalid_request_error', 'code': 'invalid_api_key'}}"
"Set aside whether or not one views Michael Porter Jr. and his contract as a slight overpay or an albatross: The Denver Nuggets have so few assets they can attach to him or their other overpaid player in Zeke Nnaji. While they do own their 1sts in 2026, 2028, 2030-32, due to the Stepien Rule they can't trade their even-numbered picks as they owe first-round draft capital to the Thunder in 2027 & 2029. In essence, their pool of assets that wouldn't be considered untouchable for a non-star trade i.e. you aren't trading Christian Braun, is one pick in either 2031 & 2032, pick swaps for their even-numbered picks up to 2030 and the rookie DaRon Holmes who has yet to play a single game in the NBA. And no, they don't have any second round picks aside from the recently accessible 2032 2nd round pick.",analysis,"heuristic_fallback:Error code: 401 - {'error': {'message': 'Invalid API Key', 'type': 'invalid_request_error', 'code': 'invalid_api_key'}}"
"Jamal Murray full postgame conference, after the Nuggets were defeated in game 7 by the OKC, losing 3-4 in the series. 2025 NBA Playoffs.",analysis,"heuristic_fallback:Error code: 401 - {'error': {'message': 'Invalid API Key', 'type': 'invalid_request_error', 'code': 'invalid_api_key'}}"
Game 7’s since 2022 **2022** Celtics defeat Bucks 109-81 Mavs defeat Suns 123-90 Celtics defeat Heat 100-96 **2023** Warriors defeat Kings 120 - 100 Celtics defeat Sixers 112-88 Heat defeat Celtics 102-84 **2024** Cavs defeat Magic 106-94 Pacers defeat Knicks 130-109 Wolves defeat Nuggets 98-90 **2025** Nuggets defeat Clippers 120-101 Warriors defeat Rockets 103-89 Thunder defeat Nuggets 125 - 93,analysis,"heuristic_fallback:Error code: 401 - {'error': {'message': 'Invalid API Key', 'type': 'invalid_request_error', 'code': 'invalid_api_key'}}"
I love it. Both AG and BE are hot af!!,reaction,"heuristic_fallback:Error code: 401 - {'error': {'message': 'Invalid API Key', 'type': 'invalid_request_error', 'code': 'invalid_api_key'}}"
"Nikola Jokic on whether the Nuggets can win another championship as currently constructed: “We didn’t, so obviously we can’t. If we could, we would win it. I don’t believe in those ifs stuff. We had opportunities. We didn’t win it, so I think we can’t.”",hot_take,"heuristic_fallback:Error code: 401 - {'error': {'message': 'Invalid API Key', 'type': 'invalid_request_error', 'code': 'invalid_api_key'}}"
Check Dirk's MVP announcement lol,reaction,"heuristic_fallback:Error code: 401 - {'error': {'message': 'Invalid API Key', 'type': 'invalid_request_error', 'code': 'invalid_api_key'}}"
[The Athletic] The NBA Eastern and Western Conference Finals are set. The last time each of these teams won the championship:◻️ Knicks — 1972-73◻️ Pacers — never◻️ Thunder — never◻️ Timberwolves — never,analysis,"heuristic_fallback:Error code: 401 - {'error': {'message': 'Invalid API Key', 'type': 'invalid_request_error', 'code': 'invalid_api_key'}}"
"Thunder vs Knicks Finals, Who Wins?",reaction,"heuristic_fallback:Error code: 401 - {'error': {'message': 'Invalid API Key', 'type': 'invalid_request_error', 'code': 'invalid_api_key'}}"
"Looking at numbers in OKC vs DEN series, it's really scary how good their depth is. They were actually losing in starter-only minutes. Jokic wasn't lying when he said whichever team that has a deeper bench wins. Having a 8-9 players that can defend at an elite level, no weak link, constant physicality for 48 minutes every game must be a nightmare for opposing teams. |Name|On|Off|On/off| |:-|:-|:-|:-| |SGA|\+7.01|\+13.80|\-6.75| |JDub|\+5.91|\+16.1|\-10.15| |Hartenstein|\+2.27|\+16.9|\-14.67| |Dort|\-6.42|\+26.2|\-32.64| |Chet|\+7.47|\+9.7|\-2.23| |Caruso|\+15.02|\+0.7|\+14.3| |Wiggins|\+37.72|\-3.3|\+41.0| |Cason|\+21.28|\-3.6|\+14.3| \*garbage minutes excluded",analysis,"heuristic_fallback:Error code: 401 - {'error': {'message': 'Invalid API Key', 'type': 'invalid_request_error', 'code': 'invalid_api_key'}}"
"Let’s get Kevin Harlan, Mike Breen and Doris Burke to commentate a game together. It would be epic. Check out the change.org link :)",hot_take,"heuristic_fallback:Error code: 401 - {'error': {'message': 'Invalid API Key', 'type': 'invalid_request_error', 'code': 'invalid_api_key'}}"
They should have kept that format,reaction,"heuristic_fallback:Error code: 401 - {'error': {'message': 'Invalid API Key', 'type': 'invalid_request_error', 'code': 'invalid_api_key'}}"
OKCS 32pt win over the Nuggets in game 7 is the 7th 10 largest margin of victory in a game 7 in he history of the NBA playoffs.,analysis,"heuristic_fallback:Error code: 401 - {'error': {'message': 'Invalid API Key', 'type': 'invalid_request_error', 'code': 'invalid_api_key'}}"
[All-Access] A view from Oklahoma City as Jalen Williams drives and hits the jumper from the elbow. He has 19 points early in the 3rd quarter,analysis,"heuristic_fallback:Error code: 401 - {'error': {'message': 'Invalid API Key', 'type': 'invalid_request_error', 'code': 'invalid_api_key'}}"
"With SGA making the conference Finals, Joel Embiid will still be the only MVP not to make a conference final",hot_take,"heuristic_fallback:Error code: 401 - {'error': {'message': 'Invalid API Key', 'type': 'invalid_request_error', 'code': 'invalid_api_key'}}"
3 time and defending MVP Nikola Jokic just lost in the 2nd round or earlier for the 4th time in 5 years,analysis,"heuristic_fallback:Error code: 401 - {'error': {'message': 'Invalid API Key', 'type': 'invalid_request_error', 'code': 'invalid_api_key'}}"
Basically the options for the 2025 NBA Finals,hot_take,"heuristic_fallback:Error code: 401 - {'error': {'message': 'Invalid API Key', 'type': 'invalid_request_error', 'code': 'invalid_api_key'}}"
Almost all sports are like this,reaction,"heuristic_fallback:Error code: 401 - {'error': {'message': 'Invalid API Key', 'type': 'invalid_request_error', 'code': 'invalid_api_key'}}"
"It’s insane to see man. They crying a guy half his size is fronting the post If they called fould this bozo wouldn’t post up ( elbow and forearm as clubs everytime ), woukd get as many rebounds ( can’t jump so pushes and elbows ), wouldn’t defend as well ( just fouls cos too slow n not vertical ). But apparently he gets a bad whistle cos carudo id allowed to front him in post",hot_take,"heuristic_fallback:Error code: 401 - {'error': {'message': 'Invalid API Key', 'type': 'invalid_request_error', 'code': 'invalid_api_key'}}"
[Uthayakumar] The era of parity in the NBA: - 7 different champions in 7 seasons for the first time ever - a reigning champion hasn't made it past the second round since 2019 - two 60-win teams were second round exits for the first time since 2007,analysis,"heuristic_fallback:Error code: 401 - {'error': {'message': 'Invalid API Key', 'type': 'invalid_request_error', 'code': 'invalid_api_key'}}"
You should be working at Walmart,reaction,"heuristic_fallback:Error code: 401 - {'error': {'message': 'Invalid API Key', 'type': 'invalid_request_error', 'code': 'invalid_api_key'}}"
Jokic fan with a confession,reaction,"heuristic_fallback:Error code: 401 - {'error': {'message': 'Invalid API Key', 'type': 'invalid_request_error', 'code': 'invalid_api_key'}}"
"Championship droughts across the NBA, NHL, NFL, and MLB for New York, Indianapolis, Minneapolis/St. Paul, and Oklahoma City (+Seattle)",hot_take,"heuristic_fallback:Error code: 401 - {'error': {'message': 'Invalid API Key', 'type': 'invalid_request_error', 'code': 'invalid_api_key'}}"
"That’s not the actual reason. They move series start dates all the time; if the Thunder had beat the Nuggets in 6, game 1 was going to be yesterday instead of tomorrow.",analysis,"heuristic_fallback:Error code: 401 - {'error': {'message': 'Invalid API Key', 'type': 'invalid_request_error', 'code': 'invalid_api_key'}}"
After Game 7 of Thunder vs Nuggets series wrapped up I thought it would've been perfect to announce MVP during this series. I'm pretty sure this is the latest without any announcement.,hot_take,"heuristic_fallback:Error code: 401 - {'error': {'message': 'Invalid API Key', 'type': 'invalid_request_error', 'code': 'invalid_api_key'}}"
Pascal Siakam (Raptors2019) OG Anunoby (Raptors 2019) Alex Caruso (Lakers 2020) Thomas Bryant (Nuggets 2022),analysis,"heuristic_fallback:Error code: 401 - {'error': {'message': 'Invalid API Key', 'type': 'invalid_request_error', 'code': 'invalid_api_key'}}"
OKC losers actually flaming jokic is insane,reaction,"heuristic_fallback:Error code: 401 - {'error': {'message': 'Invalid API Key', 'type': 'invalid_request_error', 'code': 'invalid_api_key'}}"
"[Source](https://bsky.app/profile/shamsbot.bsky.social/post/3lphqgh3fe22w) >Aaron Gordon will play and start in Game 7 for the Nuggets against the Thunder, source tells ESPN, gutting out a Grade 2 hamstring strain that requires weeks to heal. All on the line in Game 7 (3:30 pm ET, ABC).",analysis,"heuristic_fallback:Error code: 401 - {'error': {'message': 'Invalid API Key', 'type': 'invalid_request_error', 'code': 'invalid_api_key'}}"
